{"cameraMode":{"drawMode":0,"name":"Shaded","section":"Shading Mode"},"sceneLighting":false,"audioPlay":false,"sceneViewState":{"showFog":true,"showMaterialUpdate":true,"showSkybox":false,"showFlares":true,"showImageEffects":true,"showParticleSystems":true},"in2DMode":false,"pivot":{"x":-9.732871055603028,"y":-3.706929922103882,"z":12.002507209777832},"rotation":{"x":-0.380767822265625,"y":0.29715901613235476,"z":-0.130684494972229,"w":-0.8658438324928284},"size":24.080957412719728,"orthographic":false}