{"cameraMode":{"drawMode":0,"name":"Shaded","section":"Shading Mode"},"sceneLighting":false,"audioPlay":false,"sceneViewState":{"showFog":true,"showMaterialUpdate":false,"showSkybox":false,"showFlares":true,"showImageEffects":true,"showParticleSystems":true},"in2DMode":false,"pivot":{"x":18.988086700439454,"y":44.040748596191409,"z":-18.814373016357423},"rotation":{"x":0.33589839935302737,"y":-0.3129626214504242,"z":0.11941751092672348,"w":0.8803641200065613},"size":6.05799674987793,"orthographic":false}