{"cameraMode":{"drawMode":0,"name":"Shaded","section":"Shading Mode"},"sceneLighting":false,"audioPlay":false,"sceneViewState":{"showFog":true,"showMaterialUpdate":false,"showSkybox":false,"showFlares":true,"showImageEffects":true,"showParticleSystems":true},"in2DMode":false,"pivot":{"x":-0.9577351212501526,"y":-0.6006518602371216,"z":1.6579205989837647},"rotation":{"x":-0.1351390928030014,"y":0.2417244166135788,"z":-0.03401711583137512,"w":-0.960288405418396},"size":3.828941583633423,"orthographic":false}