{"cameraMode":{"drawMode":0,"name":"Shaded","section":"Shading Mode"},"sceneLighting":false,"audioPlay":false,"sceneViewState":{"showFog":true,"showMaterialUpdate":false,"showSkybox":false,"showFlares":true,"showImageEffects":true,"showParticleSystems":true},"in2DMode":false,"pivot":{"x":-8.157086372375489,"y":-11.620243072509766,"z":-11.134110450744629},"rotation":{"x":-0.10467259585857392,"y":0.8946611285209656,"z":-0.32486358284950259,"w":-0.2882601022720337},"size":22.0,"orthographic":false}