{"cameraMode":{"drawMode":0,"name":"Shaded","section":"Shading Mode"},"sceneLighting":false,"audioPlay":false,"sceneViewState":{"showFog":true,"showMaterialUpdate":false,"showSkybox":false,"showFlares":true,"showImageEffects":true,"showParticleSystems":true},"in2DMode":false,"pivot":{"x":-0.4813215136528015,"y":1.812835454940796,"z":-1.4297503232955933},"rotation":{"x":-0.5074853897094727,"y":0.16110831499099732,"z":-0.09722719341516495,"w":-0.8408810496330261},"size":4.3779449462890629,"orthographic":false}