{"cameraMode":{"drawMode":0,"name":"Shaded","section":"Shading Mode"},"sceneLighting":false,"audioPlay":false,"sceneViewState":{"showFog":true,"showMaterialUpdate":false,"showSkybox":false,"showFlares":true,"showImageEffects":true,"showParticleSystems":true},"in2DMode":false,"pivot":{"x":7.5359721183776859,"y":3.9079699516296388,"z":-12.91866397857666},"rotation":{"x":-0.07634809613227844,"y":-0.19862274825572968,"z":-0.015598156489431858,"w":0.9770142436027527},"size":2.9289417266845705,"orthographic":false}