{"cameraMode":{"drawMode":0,"name":"Shaded","section":"Shading Mode"},"sceneLighting":false,"audioPlay":false,"sceneViewState":{"showFog":true,"showMaterialUpdate":true,"showSkybox":false,"showFlares":true,"showImageEffects":true,"showParticleSystems":true},"in2DMode":false,"pivot":{"x":-7.3821821212768559,"y":-4.988336563110352,"z":6.38079309463501},"rotation":{"x":-0.22213399410247804,"y":0.43236541748046877,"z":-0.11072663962841034,"w":-0.8669100999832153},"size":17.718048095703126,"orthographic":false}