{"cameraMode":{"drawMode":0,"name":"Shaded","section":"Shading Mode"},"sceneLighting":false,"audioPlay":false,"sceneViewState":{"showFog":true,"showMaterialUpdate":false,"showSkybox":false,"showFlares":true,"showImageEffects":true,"showParticleSystems":true},"in2DMode":false,"pivot":{"x":-3.055589199066162,"y":-3.3534812927246095,"z":10.116205215454102},"rotation":{"x":0.499921053647995,"y":-0.008679882623255253,"z":0.0051565710455179218,"w":0.8660903573036194},"size":22.0,"orthographic":false}