{"cameraMode":{"drawMode":0,"name":"Shaded","section":"Shading Mode"},"sceneLighting":false,"audioPlay":false,"sceneViewState":{"showFog":true,"showMaterialUpdate":false,"showSkybox":false,"showFlares":true,"showImageEffects":true,"showParticleSystems":true},"in2DMode":false,"pivot":{"x":-0.11896860599517822,"y":0.09643328189849854,"z":-0.018305063247680665},"rotation":{"x":-0.2234203815460205,"y":0.34937310218811037,"z":-0.08616737276315689,"w":-0.905872106552124},"size":0.8573652505874634,"orthographic":false}