{"cameraMode":{"drawMode":0,"name":"Shaded","section":"Shading Mode"},"sceneLighting":false,"audioPlay":false,"sceneViewState":{"showFog":true,"showMaterialUpdate":false,"showSkybox":false,"showFlares":true,"showImageEffects":true,"showParticleSystems":true},"in2DMode":false,"pivot":{"x":7.232181549072266,"y":38.87458038330078,"z":2.201385498046875},"rotation":{"x":0.25886330008506777,"y":-0.36604464054107668,"z":0.10677014291286469,"w":0.8874777555465698},"size":28.533809661865236,"orthographic":false}