{"cameraMode":{"drawMode":0,"name":"Shaded","section":"Shading Mode"},"sceneLighting":false,"audioPlay":false,"sceneViewState":{"showFog":true,"showMaterialUpdate":false,"showSkybox":false,"showFlares":true,"showImageEffects":true,"showParticleSystems":true},"in2DMode":false,"pivot":{"x":1.1722631454467774,"y":1.5418778657913209,"z":-0.9113482236862183},"rotation":{"x":-0.19670335948467256,"y":0.49106621742248537,"z":-0.11487909406423569,"w":-0.840814471244812},"size":2.8578836917877199,"orthographic":false}