{"cameraMode":{"drawMode":0,"name":"Shaded","section":"Shading Mode"},"sceneLighting":false,"audioPlay":false,"sceneViewState":{"showFog":true,"showMaterialUpdate":true,"showSkybox":false,"showFlares":true,"showImageEffects":true,"showParticleSystems":true},"in2DMode":false,"pivot":{"x":-2.9908151626586916,"y":-4.7706298828125,"z":-2.1370744705200197},"rotation":{"x":-0.7202760577201843,"y":0.010824779979884625,"z":-0.011237784288823605,"w":-0.6935310363769531},"size":21.00699806213379,"orthographic":false}