{"cameraMode":{"drawMode":0,"name":"Shaded","section":"Shading Mode"},"sceneLighting":false,"audioPlay":false,"sceneViewState":{"showFog":true,"showMaterialUpdate":true,"showSkybox":false,"showFlares":true,"showImageEffects":true,"showParticleSystems":true},"in2DMode":false,"pivot":{"x":-5.192716598510742,"y":5.894469261169434,"z":-5.405731201171875},"rotation":{"x":-0.4058668315410614,"y":0.37615877389907839,"z":-0.18815463781356812,"w":-0.8114043474197388},"size":15.03221607208252,"orthographic":false}