{"cameraMode":{"drawMode":0,"name":"Shaded","section":"Shading Mode"},"sceneLighting":false,"audioPlay":false,"sceneViewState":{"showFog":true,"showMaterialUpdate":false,"showSkybox":false,"showFlares":true,"showImageEffects":true,"showParticleSystems":true},"in2DMode":false,"pivot":{"x":-1.8446811437606812,"y":-12.837066650390625,"z":12.228453636169434},"rotation":{"x":0.4054911136627197,"y":-0.061095304787158969,"z":0.027208838611841203,"w":0.9116856455802918},"size":22.0,"orthographic":false}