{"cameraMode":{"drawMode":0,"name":"Shaded","section":"Shading Mode"},"sceneLighting":false,"audioPlay":false,"sceneViewState":{"showFog":true,"showMaterialUpdate":true,"showSkybox":false,"showFlares":true,"showImageEffects":true,"showParticleSystems":true},"in2DMode":false,"pivot":{"x":-2.528193712234497,"y":-15.289324760437012,"z":14.404685020446778},"rotation":{"x":-0.3897777497768402,"y":0.08737421780824661,"z":-0.037181176245212558,"w":-0.9160071611404419},"size":37.09182357788086,"orthographic":false}