{"cameraMode":{"drawMode":0,"name":"Shaded","section":"Shading Mode"},"sceneLighting":false,"audioPlay":false,"sceneViewState":{"showFog":true,"showMaterialUpdate":true,"showSkybox":false,"showFlares":true,"showImageEffects":true,"showParticleSystems":true},"in2DMode":false,"pivot":{"x":-5.463469505310059,"y":0.8571484684944153,"z":0.6498643159866333},"rotation":{"x":-0.32018476724624636,"y":0.08567819744348526,"z":-0.029087061062455179,"w":-0.9430372714996338},"size":21.00699806213379,"orthographic":false}