{"cameraMode":{"drawMode":0,"name":"Shaded","section":"Shading Mode"},"sceneLighting":false,"audioPlay":false,"sceneViewState":{"showFog":true,"showMaterialUpdate":true,"showSkybox":false,"showFlares":true,"showImageEffects":true,"showParticleSystems":true},"in2DMode":false,"pivot":{"x":-10.829313278198243,"y":-27.388715744018556,"z":12.431679725646973},"rotation":{"x":-0.5054594278335571,"y":0.29581570625305178,"z":-0.18973086774349214,"w":-0.7880449295043945},"size":44.9151725769043,"orthographic":false}