{"cameraMode":{"drawMode":0,"name":"Shaded","section":"Shading Mode"},"sceneLighting":false,"audioPlay":false,"sceneViewState":{"showFog":true,"showMaterialUpdate":false,"showSkybox":false,"showFlares":true,"showImageEffects":true,"showParticleSystems":true},"in2DMode":false,"pivot":{"x":-1.3406692743301392,"y":-0.8879547715187073,"z":1.0587109327316285},"rotation":{"x":-0.14805786311626435,"y":0.30519238114356997,"z":-0.04809674248099327,"w":-0.9394832253456116},"size":3.828941583633423,"orthographic":false}