{"cameraMode":{"drawMode":0,"name":"Shaded","section":"Shading Mode"},"sceneLighting":false,"audioPlay":false,"sceneViewState":{"showFog":true,"showMaterialUpdate":false,"showSkybox":false,"showFlares":true,"showImageEffects":true,"showParticleSystems":true},"in2DMode":false,"pivot":{"x":-0.46805229783058169,"y":-12.74262809753418,"z":8.997862815856934},"rotation":{"x":0.4564414620399475,"y":-0.011584784835577011,"z":0.006105684209614992,"w":0.8897402882575989},"size":22.0,"orthographic":false}