{"cameraMode":{"drawMode":0,"name":"Shaded","section":"Shading Mode"},"sceneLighting":false,"audioPlay":false,"sceneViewState":{"showFog":true,"showMaterialUpdate":false,"showSkybox":false,"showFlares":true,"showImageEffects":true,"showParticleSystems":true},"in2DMode":false,"pivot":{"x":0.07528697699308396,"y":4.326320171356201,"z":-2.9534640312194826},"rotation":{"x":-0.4955084025859833,"y":0.16748902201652528,"z":-0.09801844507455826,"w":-0.8466660380363464},"size":2.2863073348999025,"orthographic":false}