{"cameraMode":{"drawMode":0,"name":"Shaded","section":"Shading Mode"},"sceneLighting":false,"audioPlay":false,"sceneViewState":{"showFog":true,"showMaterialUpdate":true,"showSkybox":false,"showFlares":true,"showImageEffects":true,"showParticleSystems":true},"in2DMode":false,"pivot":{"x":-5.891178607940674,"y":1.4892210960388184,"z":4.997887134552002},"rotation":{"x":-0.052753567695617679,"y":0.03654622659087181,"z":-0.0019183674594387413,"w":-0.9979469776153565},"size":21.400001525878908,"orthographic":false}