{"cameraMode":{"drawMode":0,"name":"Shaded","section":"Shading Mode"},"sceneLighting":false,"audioPlay":false,"sceneViewState":{"showFog":true,"showMaterialUpdate":false,"showSkybox":false,"showFlares":true,"showImageEffects":true,"showParticleSystems":true},"in2DMode":false,"pivot":{"x":2.17470121383667,"y":6.275197982788086,"z":-8.97514820098877},"rotation":{"x":0.15927870571613313,"y":-0.3377825617790222,"z":0.05824776366353035,"w":0.925895631313324},"size":3.7242138385772707,"orthographic":false}