{"cameraMode":{"drawMode":0,"name":"Shaded","section":"Shading Mode"},"sceneLighting":false,"audioPlay":false,"sceneViewState":{"showFog":true,"showMaterialUpdate":false,"showSkybox":false,"showFlares":true,"showImageEffects":true,"showParticleSystems":true},"in2DMode":false,"pivot":{"x":14.663812637329102,"y":112.22789764404297,"z":5.288027763366699},"rotation":{"x":0.018005112186074258,"y":-0.41697001457214358,"z":0.008260459639132023,"w":0.9087112545967102},"size":22.0,"orthographic":false}