{"cameraMode":{"drawMode":0,"name":"Shaded","section":"Shading Mode"},"sceneLighting":false,"audioPlay":false,"sceneViewState":{"showFog":true,"showMaterialUpdate":false,"showSkybox":false,"showFlares":true,"showImageEffects":true,"showParticleSystems":true},"in2DMode":false,"pivot":{"x":-1.49359130859375,"y":1.0532646179199219,"z":1.0576744079589844},"rotation":{"x":-0.289750874042511,"y":0.36647269129753115,"z":-0.12124328315258026,"w":-0.8758192658424377},"size":19.741798400878908,"orthographic":false}