{"cameraMode":{"drawMode":0,"name":"Shaded","section":"Shading Mode"},"sceneLighting":false,"audioPlay":false,"sceneViewState":{"showFog":true,"showMaterialUpdate":true,"showSkybox":false,"showFlares":true,"showImageEffects":true,"showParticleSystems":true},"in2DMode":false,"pivot":{"x":-5.792881965637207,"y":2.867800712585449,"z":17.356971740722658},"rotation":{"x":-0.028785930946469308,"y":0.03957946598529816,"z":-0.0011196935083717108,"w":-0.9988200664520264},"size":24.080957412719728,"orthographic":false}