{"cameraMode":{"drawMode":0,"name":"Shaded","section":"Shading Mode"},"sceneLighting":false,"audioPlay":false,"sceneViewState":{"showFog":true,"showMaterialUpdate":false,"showSkybox":false,"showFlares":true,"showImageEffects":true,"showParticleSystems":true},"in2DMode":false,"pivot":{"x":-1.5625542402267457,"y":-2.7995738983154299,"z":5.554836273193359},"rotation":{"x":0.3099483847618103,"y":-0.28850358724594118,"z":0.0993185043334961,"w":0.9005029201507568},"size":7.428943634033203,"orthographic":false}