{"cameraMode":{"drawMode":0,"name":"Shaded","section":"Shading Mode"},"sceneLighting":false,"audioPlay":false,"sceneViewState":{"showFog":true,"showMaterialUpdate":true,"showSkybox":false,"showFlares":true,"showImageEffects":true,"showParticleSystems":true},"in2DMode":false,"pivot":{"x":-5.564198970794678,"y":-2.6219990253448488,"z":10.327474594116211},"rotation":{"x":-0.2521107494831085,"y":0.1178075298666954,"z":-0.030932599678635598,"w":-0.9600133895874023},"size":22.363000869750978,"orthographic":false}