{"cameraMode":{"drawMode":0,"name":"Shaded","section":"Shading Mode"},"sceneLighting":false,"audioPlay":false,"sceneViewState":{"showFog":true,"showMaterialUpdate":true,"showSkybox":false,"showFlares":true,"showImageEffects":true,"showParticleSystems":true},"in2DMode":false,"pivot":{"x":-6.175947189331055,"y":-7.771289825439453,"z":9.087478637695313},"rotation":{"x":-0.4728134870529175,"y":0.23539289832115174,"z":-0.13267721235752107,"w":-0.8387337923049927},"size":22.363000869750978,"orthographic":false}