{"cameraMode":{"drawMode":0,"name":"Shaded","section":"Shading Mode"},"sceneLighting":false,"audioPlay":false,"sceneViewState":{"showFog":true,"showMaterialUpdate":false,"showSkybox":false,"showFlares":true,"showImageEffects":true,"showParticleSystems":true},"in2DMode":false,"pivot":{"x":-4.351309299468994,"y":4.225011825561523,"z":7.003327369689941},"rotation":{"x":-0.5005990862846375,"y":0.4993963837623596,"z":-0.5015138983726502,"w":-0.4985116124153137},"size":25.105653762817384,"orthographic":false}