{"cameraMode":{"drawMode":0,"name":"Shaded","section":"Shading Mode"},"sceneLighting":false,"audioPlay":false,"sceneViewState":{"showFog":true,"showMaterialUpdate":true,"showSkybox":false,"showFlares":true,"showImageEffects":true,"showParticleSystems":true},"in2DMode":false,"pivot":{"x":-4.482822418212891,"y":11.683961868286133,"z":-7.7517900466918949},"rotation":{"x":-0.3761414885520935,"y":0.2940227687358856,"z":-0.1271890550851822,"w":-0.869429886341095},"size":0.39687782526016238,"orthographic":false}