{"cameraMode":{"drawMode":0,"name":"Shaded","section":"Shading Mode"},"sceneLighting":false,"audioPlay":false,"sceneViewState":{"showFog":true,"showMaterialUpdate":false,"showSkybox":false,"showFlares":true,"showImageEffects":true,"showParticleSystems":true},"in2DMode":false,"pivot":{"x":-2.0759472846984865,"y":-2.999997138977051,"z":0.24142137169837953},"rotation":{"x":-0.3217913508415222,"y":0.36706358194351199,"z":-0.13703778386116029,"w":-0.8619388341903687},"size":22.0,"orthographic":false}