{"cameraMode":{"drawMode":0,"name":"Shaded","section":"Shading Mode"},"sceneLighting":false,"audioPlay":false,"sceneViewState":{"showFog":true,"showMaterialUpdate":false,"showSkybox":false,"showFlares":true,"showImageEffects":true,"showParticleSystems":true},"in2DMode":false,"pivot":{"x":-12.430428504943848,"y":-8.547876358032227,"z":4.856107234954834},"rotation":{"x":-0.23490576446056367,"y":0.5563826560974121,"z":-0.16773365437984467,"w":-0.7791836857795715},"size":20.92499542236328,"orthographic":false}