{"cameraMode":{"drawMode":0,"name":"Shaded","section":"Shading Mode"},"sceneLighting":false,"audioPlay":false,"sceneViewState":{"showFog":true,"showMaterialUpdate":false,"showSkybox":false,"showFlares":true,"showImageEffects":true,"showParticleSystems":true},"in2DMode":false,"pivot":{"x":-8.698653221130371,"y":19.6519775390625,"z":-38.93333053588867},"rotation":{"x":0.018258392810821534,"y":-0.0746089369058609,"z":0.001366553595289588,"w":0.9970475435256958},"size":22.0,"orthographic":false}