{"cameraMode":{"drawMode":0,"name":"Shaded","section":"Shading Mode"},"sceneLighting":false,"audioPlay":false,"sceneViewState":{"showFog":true,"showMaterialUpdate":true,"showSkybox":false,"showFlares":true,"showImageEffects":true,"showParticleSystems":true},"in2DMode":false,"pivot":{"x":-7.045834064483643,"y":1.8701651096343995,"z":1.9412527084350587},"rotation":{"x":-0.31332603096961977,"y":0.3645937740802765,"z":-0.13176478445529939,"w":-0.8669233322143555},"size":21.400001525878908,"orthographic":false}