{"cameraMode":{"drawMode":0,"name":"Shaded","section":"Shading Mode"},"sceneLighting":false,"audioPlay":false,"sceneViewState":{"showFog":true,"showMaterialUpdate":true,"showSkybox":false,"showFlares":true,"showImageEffects":true,"showParticleSystems":true},"in2DMode":false,"pivot":{"x":-3.786989450454712,"y":5.056097507476807,"z":12.576153755187989},"rotation":{"x":-0.046789851039648059,"y":-0.01587815396487713,"z":0.0007471708231605589,"w":-0.9987902641296387},"size":21.00699806213379,"orthographic":false}