{"cameraMode":{"drawMode":0,"name":"Shaded","section":"Shading Mode"},"sceneLighting":false,"audioPlay":false,"sceneViewState":{"showFog":true,"showMaterialUpdate":false,"showSkybox":false,"showFlares":true,"showImageEffects":true,"showParticleSystems":true},"in2DMode":false,"pivot":{"x":-1.4410386085510255,"y":-1.8525221347808838,"z":-0.598659098148346},"rotation":{"x":-0.2571207284927368,"y":0.741629421710968,"z":-0.4122210443019867,"w":-0.46258673071861269},"size":7.061990261077881,"orthographic":false}