{"cameraMode":{"drawMode":0,"name":"Shaded","section":"Shading Mode"},"sceneLighting":false,"audioPlay":false,"sceneViewState":{"showFog":true,"showMaterialUpdate":false,"showSkybox":false,"showFlares":true,"showImageEffects":true,"showParticleSystems":true},"in2DMode":false,"pivot":{"x":-1.6160545349121094,"y":1.348867416381836,"z":-20.350048065185548},"rotation":{"x":0.1533147394657135,"y":-0.8465962409973145,"z":0.3539675176143646,"w":0.36680543422698977},"size":21.700000762939454,"orthographic":false}