{"cameraMode":{"drawMode":0,"name":"Shaded","section":"Shading Mode"},"sceneLighting":false,"audioPlay":false,"sceneViewState":{"showFog":true,"showMaterialUpdate":false,"showSkybox":false,"showFlares":true,"showImageEffects":true,"showParticleSystems":true},"in2DMode":false,"pivot":{"x":-0.5625452399253845,"y":-0.7504100799560547,"z":-0.5103504657745361},"rotation":{"x":-0.11468835920095444,"y":0.8849760293960571,"z":-0.33190467953681948,"w":-0.30579590797424319},"size":2.8578836917877199,"orthographic":false}