{"cameraMode":{"drawMode":0,"name":"Shaded","section":"Shading Mode"},"sceneLighting":false,"audioPlay":false,"sceneViewState":{"showFog":true,"showMaterialUpdate":false,"showSkybox":false,"showFlares":true,"showImageEffects":true,"showParticleSystems":true},"in2DMode":false,"pivot":{"x":4.220193862915039,"y":-7.680736541748047,"z":6.3241987228393559},"rotation":{"x":0.4126983880996704,"y":0.23113484680652619,"z":-0.10906033962965012,"w":0.8743364810943604},"size":21.010000228881837,"orthographic":false}