{"cameraMode":{"drawMode":0,"name":"Shaded","section":"Shading Mode"},"sceneLighting":false,"audioPlay":false,"sceneViewState":{"showFog":true,"showMaterialUpdate":false,"showSkybox":false,"showFlares":true,"showImageEffects":true,"showParticleSystems":true},"in2DMode":false,"pivot":{"x":0.06806530058383942,"y":2.2074153423309328,"z":-1.665832281112671},"rotation":{"x":-0.4833388030529022,"y":0.22123165428638459,"z":-0.12769515812397004,"w":-0.8373560905456543},"size":2.2863073348999025,"orthographic":false}