{"cameraMode":{"drawMode":0,"name":"Shaded","section":"Shading Mode"},"sceneLighting":false,"audioPlay":false,"sceneViewState":{"showFog":true,"showMaterialUpdate":false,"showSkybox":false,"showFlares":true,"showImageEffects":true,"showParticleSystems":true},"in2DMode":false,"pivot":{"x":1.961960792541504,"y":5.983788967132568,"z":0.5179574489593506},"rotation":{"x":0.3764743208885193,"y":-0.40753573179244997,"z":0.1893838346004486,"w":0.8101793527603149},"size":8.288775444030762,"orthographic":false}