{"cameraMode":{"drawMode":0,"name":"Shaded","section":"Shading Mode"},"sceneLighting":false,"audioPlay":false,"sceneViewState":{"showFog":true,"showMaterialUpdate":true,"showSkybox":false,"showFlares":true,"showImageEffects":true,"showParticleSystems":true},"in2DMode":false,"pivot":{"x":-6.093128681182861,"y":-5.103640556335449,"z":4.622408866882324},"rotation":{"x":-0.48649683594703677,"y":0.04504865035414696,"z":-0.025122592225670816,"w":-0.8721698522567749},"size":21.400001525878908,"orthographic":false}