{"cameraMode":{"drawMode":0,"name":"Shaded","section":"Shading Mode"},"sceneLighting":false,"audioPlay":false,"sceneViewState":{"showFog":true,"showMaterialUpdate":true,"showSkybox":false,"showFlares":true,"showImageEffects":true,"showParticleSystems":true},"in2DMode":false,"pivot":{"x":-13.533417701721192,"y":-2.987865447998047,"z":7.745530128479004},"rotation":{"x":-0.3799320459365845,"y":0.14396682381629945,"z":-0.05998452007770538,"w":-0.9117814302444458},"size":21.400001525878908,"orthographic":false}