{"cameraMode":{"drawMode":0,"name":"Shaded","section":"Shading Mode"},"sceneLighting":false,"audioPlay":false,"sceneViewState":{"showFog":true,"showMaterialUpdate":false,"showSkybox":false,"showFlares":true,"showImageEffects":true,"showParticleSystems":true},"in2DMode":false,"pivot":{"x":-7.507266998291016,"y":-10.234183311462403,"z":-10.73679256439209},"rotation":{"x":-0.1036975309252739,"y":0.8955219388008118,"z":-0.3251761794090271,"w":-0.2855748236179352},"size":20.92499542236328,"orthographic":false}