{"cameraMode":{"drawMode":0,"name":"Shaded","section":"Shading Mode"},"sceneLighting":false,"audioPlay":false,"sceneViewState":{"showFog":true,"showMaterialUpdate":false,"showSkybox":false,"showFlares":true,"showImageEffects":true,"showParticleSystems":true},"in2DMode":false,"pivot":{"x":-3.3384809494018556,"y":5.075423717498779,"z":-7.546128273010254},"rotation":{"x":-0.37963590025901797,"y":-0.12651261687278748,"z":0.05249416455626488,"w":-0.9149416089057922},"size":22.0,"orthographic":false}