{"cameraMode":{"drawMode":0,"name":"Shaded","section":"Shading Mode"},"sceneLighting":false,"audioPlay":false,"sceneViewState":{"showFog":true,"showMaterialUpdate":false,"showSkybox":false,"showFlares":true,"showImageEffects":true,"showParticleSystems":true},"in2DMode":false,"pivot":{"x":-3.62980055809021,"y":7.713099479675293,"z":-0.30406224727630618},"rotation":{"x":-0.42808961868286135,"y":-0.021412808448076249,"z":0.010148399509489537,"w":-0.9034469723701477},"size":1.4289418458938599,"orthographic":false}