{"cameraMode":{"drawMode":0,"name":"Shaded","section":"Shading Mode"},"sceneLighting":false,"audioPlay":false,"sceneViewState":{"showFog":true,"showMaterialUpdate":true,"showSkybox":false,"showFlares":true,"showImageEffects":true,"showParticleSystems":true},"in2DMode":false,"pivot":{"x":1.2580876350402833,"y":0.3309388756752014,"z":1.712266445159912},"rotation":{"x":-0.39374127984046938,"y":0.40303319692611697,"z":-0.19782839715480805,"w":-0.8021325469017029},"size":22.0,"orthographic":false}