{"cameraMode":{"drawMode":0,"name":"Shaded","section":"Shading Mode"},"sceneLighting":false,"audioPlay":false,"sceneViewState":{"showFog":true,"showMaterialUpdate":true,"showSkybox":false,"showFlares":true,"showImageEffects":true,"showParticleSystems":true},"in2DMode":false,"pivot":{"x":-5.989311218261719,"y":2.269103527069092,"z":19.155729293823243},"rotation":{"x":-0.06471371650695801,"y":0.041008301079273227,"z":-0.0026468338910490276,"w":-0.9970690608024597},"size":21.400001525878908,"orthographic":false}