{"cameraMode":{"drawMode":0,"name":"Shaded","section":"Shading Mode"},"sceneLighting":false,"audioPlay":false,"sceneViewState":{"showFog":true,"showMaterialUpdate":false,"showSkybox":false,"showFlares":true,"showImageEffects":true,"showParticleSystems":true},"in2DMode":false,"pivot":{"x":2.024310827255249,"y":3.304746150970459,"z":-1.8429069519042969},"rotation":{"x":0.4222368001937866,"y":-0.2634480595588684,"z":0.1297450214624405,"w":0.8576417565345764},"size":2.32175612449646,"orthographic":false}