{"cameraMode":{"drawMode":0,"name":"Shaded","section":"Shading Mode"},"sceneLighting":false,"audioPlay":false,"sceneViewState":{"showFog":true,"showMaterialUpdate":false,"showSkybox":false,"showFlares":true,"showImageEffects":true,"showParticleSystems":true},"in2DMode":false,"pivot":{"x":-0.10444082319736481,"y":1.8953250646591187,"z":-0.21988168358802796},"rotation":{"x":-0.49867045879364016,"y":0.06126843020319939,"z":-0.03536074608564377,"w":-0.8639183640480042},"size":4.3779449462890629,"orthographic":false}