{"cameraMode":{"drawMode":0,"name":"Shaded","section":"Shading Mode"},"sceneLighting":false,"audioPlay":false,"sceneViewState":{"showFog":true,"showMaterialUpdate":false,"showSkybox":false,"showFlares":true,"showImageEffects":true,"showParticleSystems":true},"in2DMode":false,"pivot":{"x":-7.301181316375732,"y":0.027355043217539789,"z":2.5596120357513429},"rotation":{"x":0.21626634895801545,"y":-0.47388923168182375,"z":0.12117383629083634,"w":0.8450279235839844},"size":17.44051170349121,"orthographic":false}