{"cameraMode":{"drawMode":0,"name":"Shaded","section":"Shading Mode"},"sceneLighting":false,"audioPlay":false,"sceneViewState":{"showFog":true,"showMaterialUpdate":false,"showSkybox":false,"showFlares":true,"showImageEffects":true,"showParticleSystems":true},"in2DMode":false,"pivot":{"x":0.37334728240966799,"y":-0.4677509069442749,"z":0.3727527856826782},"rotation":{"x":-0.14277079701423646,"y":0.8430525660514832,"z":-0.44084277749061587,"w":-0.27302810549736025},"size":2.8578836917877199,"orthographic":false}