{"cameraMode":{"drawMode":0,"name":"Shaded","section":"Shading Mode"},"sceneLighting":false,"audioPlay":false,"sceneViewState":{"showFog":true,"showMaterialUpdate":true,"showSkybox":false,"showFlares":true,"showImageEffects":true,"showParticleSystems":true},"in2DMode":false,"pivot":{"x":-4.561587810516357,"y":-4.724724292755127,"z":-0.04562290757894516},"rotation":{"x":-0.7408066987991333,"y":-0.006640999112278223,"z":0.007335870061069727,"w":-0.6716611981391907},"size":22.363000869750978,"orthographic":false}