{"cameraMode":{"drawMode":0,"name":"Shaded","section":"Shading Mode"},"sceneLighting":false,"audioPlay":false,"sceneViewState":{"showFog":true,"showMaterialUpdate":false,"showSkybox":false,"showFlares":true,"showImageEffects":true,"showParticleSystems":true},"in2DMode":false,"pivot":{"x":8.589458465576172,"y":15.817643165588379,"z":-17.153858184814454},"rotation":{"x":-0.24864867329597474,"y":0.24293600022792817,"z":-0.06457626074552536,"w":-0.9354071617126465},"size":0.7421160936355591,"orthographic":false}