{"cameraMode":{"drawMode":0,"name":"Shaded","section":"Shading Mode"},"sceneLighting":false,"audioPlay":false,"sceneViewState":{"showFog":true,"showMaterialUpdate":false,"showSkybox":false,"showFlares":true,"showImageEffects":true,"showParticleSystems":true},"in2DMode":false,"pivot":{"x":14.951675415039063,"y":31.055904388427736,"z":-17.279136657714845},"rotation":{"x":0.31230610609054568,"y":0.061511144042015079,"z":-0.020267505198717119,"w":0.9477736949920654},"size":22.0,"orthographic":false}